"","skim_type","skim_variable","n_missing","complete_rate","factor.ordered","factor.n_unique","factor.top_counts","numeric.mean","numeric.sd","numeric.p0","numeric.p25","numeric.p50","numeric.p75","numeric.p100","numeric.hist"
"1","factor","currentlegalstatus",0,1,FALSE,5,"Cre: 1427, NBF: 1318, NGO: 1280, Ban: 619",NA,NA,NA,NA,NA,NA,NA,NA
"2","factor","age",0,1,FALSE,3,"Mat: 2558, New: 1200, You: 1024",NA,NA,NA,NA,NA,NA,NA,NA
"3","numeric","lassets",89,0.981388540359682,NA,NA,NA,6.49105246721596,0.99106402055029,0,5.86537110503623,6.45431515498577,7.13664587476301,9.97946898037363,"<U+2581><U+2581><U+2583><U+2587><U+2581>"
"4","numeric","asset_structure",621,0.870138017565872,NA,NA,NA,0.0782154158931104,0.0740469850161008,0,0.0315862202876976,0.0596602116234588,0.100260549535025,0.859768271248912,"<U+2587><U+2581><U+2581><U+2581><U+2581>"
"5","numeric","fdev",154,0.967795901296529,NA,NA,NA,20.8410388018583,54.3120188500353,0.347333,9.93779,14.7702,20.7617,972.205,"<U+2587><U+2581><U+2581><U+2581><U+2581>"
"6","numeric","kkm",291,0.939146800501882,NA,NA,NA,0.00549434910870076,2.06473163629911,-5.23319525851152,-1.3999520071022,-0.208227080452312,1.72496147349692,7.3690088532789,"<U+2582><U+2587><U+2587><U+2583><U+2581>"
"7","numeric","education",470,0.901714763697198,NA,NA,NA,0.385831833991801,0.146761537605461,0.074823428790582,0.27086093936253,0.383201293196199,0.486611428149229,1.04964862456497,"<U+2585><U+2587><U+2585><U+2581><U+2581>"
"8","numeric","gdp_growth_annual",291,0.939146800501882,NA,NA,NA,5.30336767011579,3.70490263265233,-46.08212237,3.815717917,5.373373126,6.781585601,33.62937185,"<U+2581><U+2581><U+2581><U+2587><U+2581>"
